name,sba,spa,sfa,sbd,spd,sfd,nba,npa,nfa,nbd,npd,nfd,tfc,tfd,sdf,mdf,ldf
cut_through,313216773,4194283,0,0,0,0,70302609,858893,0,0,0,0,0,0,0,0,0
bittorrent,4035276888,6112594,94372,550,4,0,6871027715,9015118,93418,0,0,0,187790,15420845,98928,62831,26031
dns,26318642892,277219407,234911853,0,0,0,44802590424,246223693,228562757,0,0,0,463474599,46977189,463324753,144802,5044
emule,94778,747,103,0,0,0,65176,798,103,0,0,0,206,482,204,2,0
ftp_data,1237107,910,2,0,0,0,55112,908,2,0,0,0,4,2,4,0,0
gnutella,246117,4494,3587,0,0,0,117298,149,43,0,0,0,3630,217,3629,1,0
http,36686960239,505366079,132844824,45536223211,522579644,0,2978309199886,2686282195,132844471,0,0,0,265688312,322163216,263238367,1987257,462688
http_audio,590526,4027,39,0,0,0,16452334,13223,39,0,0,0,78,9039,25,45,8
http_video,9057390,131620,50,0,0,0,385700036,291711,50,0,0,0,100,2299,77,21,2
nntp,0,0,18,4434,54,0,2152,36,18,0,0,0,36,3,36,0,0
rdp,7963082,94773,4,0,0,0,165819754,263960,4,0,0,0,8,13055,0,4,4
rfb,7015,111,9,0,0,0,7015,111,9,0,0,0,18,1824,10,4,4
rtmp,1838652762,1702800,3,0,0,0,70521177,1706265,3,0,0,0,6,10631,0,2,4
rtsp,563914153,440263,142,0,0,0,93419306,482524,142,0,0,0,284,9867,218,50,16
sip,113636617,137607,1215,0,0,0,105018141,147577,1201,0,0,0,2414,720498,1336,832,246
smtp,86702925,72039,556,0,0,0,6297401,72589,556,0,0,0,1112,77516,751,259,102
ssh,389435995,507104,218,0,0,0,79356254,541571,218,0,0,0,434,263239,84,87,263
stun,482730852,4221023,2860432,15516,229,0,703737984,4230607,2173008,0,0,0,5033438,3223546,5013223,17297,2918
tls,1786754984689,4897396198,55761181,2018028,18941,0,22787794117483,19810496097,54922517,0,0,0,110661855,8365295520,70503913,26568469,13589473
unknown_tcp,4960387946,20939889,489746,46291200,317626,0,22042135444,32773732,489689,0,0,0,979275,74554758,746495,172409,60371
xmpp,3580033,35232,232,0,0,0,7939525,39757,232,0,0,0,458,1285843,131,113,214
ftp_control,913,19,1,0,0,0,1540,22,1,0,0,0,2,4,2,0,0
imap4,19508927,212570,5282,0,0,0,124847601,295954,5282,0,0,0,10564,365221,9470,824,270
pop3,2834584,49456,1969,0,0,0,98724910,113487,1969,0,0,0,3936,262687,2642,855,439
shoutcast,147342267,2983870,786,1074,7,0,5125714211,4442363,786,0,0,0,1572,810759,506,324,742
dht,328136677,1112041,645909,0,0,0,206256084,1182375,601852,0,0,0,1247761,1800881,1237089,10268,404
google_talk_voicemail,6197166051,11258850,27938,0,0,0,28312730732,28368313,27407,0,0,0,55333,4220694,27860,25310,2163
rtp,105583136970,167314518,15251,0,0,0,123299053746,198408162,15168,0,0,0,30387,7210368,17646,7909,4832
unknown_udp,50740570445,136105881,5603789,0,0,0,297017692428,351169026,1011898,0,0,0,6615656,20806527,6532280,72062,11314
existing,246622213,712690,265561,52762490,57430,0,70140670,400416,169620,0,0,0,435179,584759,433081,1960,138
non_tcp_udp,4106352353,22788039,6450404,0,0,0,1110655476,9589700,1167229,0,0,0,7617630,9502930,7590511,24630,2489
telnet,101379,1298,9,0,0,0,68803,1316,9,0,0,0,18,72788,4,0,14
skype,1609608,7514,159,0,0,0,4135969,13431,157,0,0,0,316,11926,293,13,10
ntp,63914132,731146,667554,0,0,0,62916844,719349,658148,0,0,0,1325700,345353,1324770,786,144
denied_by_default_policy,0,0,0,109919340684,1167089388,0,0,0,0,55319998,312179,0,0,0,0,0,0
netbios,5924,66,22,0,0,0,1366,10,4,0,0,0,26,57,26,0,0
mssql_udp,22040,648,86,0,0,0,0,0,0,0,0,0,86,800,86,0,0
mssql_tcp,8020,108,1,0,0,0,272274,280,1,0,0,0,2,1019,0,0,2
kerberos,27978,101,14,0,0,0,34264,106,14,0,0,0,28,8,28,0,0
rtp_sip,51853774,421218,223,0,0,0,78531341,511878,148,0,0,0,371,136106,156,134,81
syslog,1453577,5476,31,0,0,0,0,0,0,0,0,0,31,1607,19,11,1
ldap,1004314,4143,3226,0,0,0,3106,14,1,0,0,0,3227,1408,3227,0,0
irc,11001,157,1,0,0,0,18881,220,1,0,0,0,2,16607,0,0,2
pcanywhere,0,0,0,0,0,0,76,2,2,0,0,0,2,0,2,0,0
webex,37058705,232344,55,0,0,0,329248991,792784,39,0,0,0,94,97177,40,8,46
socks,137792,2202,2616,329459,6890,0,318042,6536,2616,0,0,0,5232,2625,5225,3,4
snmp,3373028,30376,23302,0,0,0,0,0,0,0,0,0,23302,14361,23079,223,0
isakmp,164524903,358252,99716,0,0,0,149065184,345667,99020,0,0,0,198684,5609028,176636,13229,8819
citrix_ima,5173934,26577,67,0,0,0,28581555,40661,67,0,0,0,134,62450,86,8,40
xboxlive,81795,1101,4,0,0,0,125013,1078,3,0,0,0,7,216,5,2,0
iax2,1242696,7901,114,0,0,0,23877376,45664,15,0,0,0,129,1817,119,8,2
steam,1399414533,5668773,25719,0,0,0,1642141041,8605038,25396,0,0,0,51115,744558,50302,446,367
steam_gaming,137555377,550814,128,0,0,0,136901439,892721,100,0,0,0,228,88122,57,79,92
empty_tcp,1827684693,29297300,14290918,130481847,2500872,0,564441404,8930127,3994023,0,0,0,18284939,48974668,18153459,122712,8768
xunlei,23360237799,121746139,10986,0,0,0,147756848054,186830438,11058,0,0,0,22036,5956494,8892,7666,5478
wow,146387350,1554958,1608,0,0,0,590175629,2385375,1607,0,0,0,3215,246886,2955,162,98
utp,100970051170,92856193,1593582,0,0,0,37522073922,91299130,959357,0,0,0,2552055,169127097,2177250,180793,194012
teredo,23433052,270491,25163,0,0,0,32045896,239858,2473,0,0,0,27618,7744703,25491,1032,1095
openvpn,3847861595,21573669,3770,0,0,0,28325456078,32263195,3388,0,0,0,7152,3609167,1345,2916,2891
pplive,236340162,1929154,1559247,0,0,0,1579227433,2760218,1544732,0,0,0,3103979,226482,3102688,1223,68
tor,16899083,47650,31,0,0,0,98335475,98785,31,0,0,0,58,115018,4,20,34
qq,458894939,456365,2604,13524,64,0,173516808,255159,2202,0,0,0,4806,212618,3890,680,236
llmnr,57525067,998215,562773,0,0,0,0,0,0,0,0,0,562773,183237,562773,0,0
ppstream,902597,6639,169,0,0,0,402430173,322285,167,0,0,0,336,2164,322,12,2
whatsapp,931624088,6176922,330912,0,0,0,779271174,6848252,330912,0,0,0,661670,80133847,305235,253428,103007
viber,4331461,39502,3221,0,0,0,11776740,40787,3221,0,0,0,6442,480444,5044,676,722
gtp,6691763,30736,819,0,0,0,601435067,487051,735,0,0,0,1554,27879,1417,133,4
ipsec_nat_t,9403213885,46071502,70354,0,0,0,43039483658,68473864,71361,0,0,0,141615,48105432,67998,31326,42291
spotify,172446585,2007719,54395,8904523,65116,0,459434718,2252603,54389,0,0,0,108676,29819556,75552,13154,19970
weixin,19220119,65587,1757,697437,2427,0,157407565,150816,1756,0,0,0,3513,34700,3437,70,6
youtube,2275502426,3331599,263,0,0,0,2714353127,4227346,270,0,0,0,531,142520,349,111,71
skype_av,1475252790,2573057,1402,0,0,0,2066174220,3136934,1339,0,0,0,2741,64101,2656,13,72
aim,533,5,1,0,0,0,401,5,1,0,0,0,2,60,0,2,0
line,708,3,1,0,0,0,336,4,1,0,0,0,2,0,2,0,0
tango,9603006,132081,171,0,0,0,530053920,602226,171,0,0,0,342,9016,282,50,10
rtmfp,206797873,1532086,2,0,0,0,727557231,1599942,2,0,0,0,4,52549,0,0,4
snapchat,7441622417,13505068,624,0,0,0,10437689802,16268947,637,0,0,0,1259,414943,489,420,350
dtls,23931994171,49235286,21901,0,0,0,52848496900,66214227,21717,0,0,0,43614,2760933,37169,4111,2334
facebook_rtp,51171808074,91080607,303762,0,0,0,77163085933,113619357,281341,0,0,0,585083,4542630,577364,5105,2614
spdy,320,6,1,0,0,0,340,5,1,0,0,0,2,240,0,2,0
taobao,93089454,364751,8567,415872,1867,0,1564263246,1872303,8566,0,0,0,17127,2173944,5593,8073,3461
quic,632835031110,1710084425,11643955,0,0,0,10872450477956,8883881276,11231390,0,0,0,22874276,556674189,19768632,2594812,510832
whatsapp_rtp,19897733295,31845276,41290,0,0,0,23880629167,35061861,33096,0,0,0,74378,2953757,66546,5003,2829
tls_http2,95881562781,401732935,6783907,0,0,0,1688762120786,1501540262,6783907,0,0,0,13566510,895192253,7725024,4502150,1339336
http2c,5314393,40273,3119,77392,1042,0,4854843,45595,3119,0,0,0,6238,279863,1975,4221,42
speedtest,143638533,579103,455,0,0,0,1421861611,1216537,428,0,0,0,883,8655,845,38,0
playstation_now,29254602,365796,22,0,0,0,2395615031,3073440,22,0,0,0,44,7733,38,0,6
line_av,14924643,76186,14,0,0,0,19743241,99623,13,0,0,0,27,7623,7,18,2
teamviewer,60729421,277482,413,0,0,0,225126087,1034784,407,0,0,0,814,1004019,449,165,200
windows_update,1210391,13375,34,0,0,0,29646123,23692,34,0,0,0,68,6752,44,10,14
minecraft,29533382,453366,416,0,0,0,647161085,916037,416,0,0,0,832,61561,648,146,38
telegram,1108261364,6693701,93949,6415388,77002,0,33048795654,27646703,93629,0,0,0,187570,6344819,167312,11512,8746
apple_probe,21370668,485697,233610,0,0,0,30878232,701778,364348,0,0,0,597958,485456,597892,66,0
kakaotalk,122561811,146058,1591,0,0,0,152698658,219261,1591,0,0,0,3180,190361,2377,599,204
hotspotshield,587088162,2819721,1641,0,0,0,7065506616,6977238,1641,0,0,0,3282,1635774,1477,1291,514
mobile_legends,6737575,66628,322,0,0,0,6920480,73181,1053,0,0,0,1375,44329,1329,12,34
supercell,15972072,165779,275,0,0,0,117136513,225898,275,0,0,0,548,250983,61,167,320
arena_of_valor,8597693,38904,1362,2438,30,0,2074534,39291,1362,0,0,0,2722,350640,688,1634,400
slitherio,3235709,44100,54,0,0,0,4848346,74435,54,0,0,0,108,6984,88,12,8
imo,1470584,9756,512,0,0,0,2150176,10656,512,0,0,0,1024,439785,472,258,294
imo_rtc,43152718,101628,256,0,0,0,41653987,97783,255,0,0,0,511,27508,399,90,22
bitcoin,207745,2184,36,0,0,0,1128231,3023,36,0,0,0,72,2047,52,20,0
discord_rtc,29175936287,37776627,10457,0,0,0,52288680450,58626812,10450,0,0,0,20907,1209678,792,20114,1
threema,75166,572,46,0,0,0,56235,545,46,0,0,0,92,968,84,8,0
talkatone,96660206,880323,140,0,0,0,126128312,966695,136,0,0,0,276,39725,124,120,32
clash_of_kings,5004267,80774,35,0,0,0,21223140,90657,35,0,0,0,70,71175,4,17,49
telegram_rtc,34281009,105712,266,0,0,0,16712886,95117,236,0,0,0,502,77602,227,237,38
viber_rtc,30706705,200128,70,0,0,0,24869947,169844,50,0,0,0,120,21244,84,24,12
lords_mobile,3666,25,4,0,0,0,1324,22,4,0,0,0,8,10,8,0,0
pubg,187533341,971981,15179,0,0,0,135467597,802829,15047,0,0,0,30220,1295319,27584,959,1677
bigo,20934134604,27150220,62367,0,0,0,36823826571,46306499,45378,0,0,0,107745,3193427,100752,4386,2607
weixin_rtc,2453807015,4107100,114,0,0,0,3388218140,5005220,115,0,0,0,229,61839,175,18,36
rules_of_survival,11120,20,2,0,0,0,11120,20,2,0,0,0,4,2,4,0,0
garena_free_fire,20838716,294822,173,0,0,0,18853189,256590,171,0,0,0,344,49897,201,45,98
apple_push,61898,237,33,0,0,0,105058,575,357,0,0,0,390,74,390,0,0
uber_rtp,404829747,827767,51,0,0,0,108866335,515162,51,0,0,0,102,41292,45,23,34
apple_facetime,1058880074067,1077710215,30183,0,0,0,1111113206321,1114179055,25177,0,0,0,55324,12634804,34730,12753,7841
fortnite,45854351,625652,42,0,0,0,92747631,502142,42,0,0,0,84,36870,8,16,60
google_duo,38549187404,43296641,1085,0,0,0,35432817749,40797020,1096,0,0,0,2179,778391,749,767,663
signal_rtc,183758034,268338,261,0,0,0,350308727,407144,246,0,0,0,507,32192,406,84,17
zello,283491,1050,189,0,0,0,917995,3472,196,0,0,0,385,2464,360,25,0
mqtt,2679239,45461,1218,47182,191,0,2444894,48176,1218,0,0,0,2424,4566708,914,292,1218
wireguard,7576577984,35359889,6211,0,0,0,48871131464,46972907,5238,0,0,0,11443,2216950,6225,3971,1247
frostbite_engine,83700421,625927,14,0,0,0,146795359,686761,15,0,0,0,29,53425,3,2,24
dagor_engine,10335490,94187,44,0,0,0,16385930,94558,23,0,0,0,67,76610,24,5,38
zoom,12716402849,17882473,1426,0,0,0,26219273397,37670928,1367,0,0,0,2793,1782930,1314,755,724
yourfreedom,79498,1781,164,0,0,0,53680,1115,164,0,0,0,328,1184,312,14,2
teams,8299426848,11478406,23938,0,0,0,17382177855,26782768,22862,0,0,0,46792,934961,45817,379,596
dingtalk,808317,6126,202,0,0,0,750366,6090,202,0,0,0,404,80606,110,143,151
anyconnect,3776138284,11140716,4695,0,0,0,15322507298,17390609,4677,0,0,0,9340,2272744,7174,1776,390
botim,72307,609,25,0,0,0,94494,1041,25,0,0,0,50,21455,20,15,15
tinder,1004943703,1042558,65,0,0,0,1006590462,1032447,65,0,0,0,126,44194,77,25,24
clubhouse,3537705351,7568022,4390,0,0,0,3998213790,18678521,4221,0,0,0,8611,442198,7715,573,323

name,sba,spa,sfa,sbd,spd,sfd,nba,npa,nfa,nbd,npd,nfd,tfc,tfd,sdf,mdf,ldf
cut_through,301450887,4134138,0,0,0,0,72774544,875262,0,0,0,0,0,0,0,0,0
bittorrent,7835371365,26997133,234194,1696,16,0,59061052634,53552620,255619,0,0,0,489807,6357888,475004,9243,5560
dns,26072023982,276311727,233458576,0,0,0,44204125575,245055516,226509548,0,0,0,459968128,45135899,459822941,140730,4457
emule,9768189,19830,518,0,0,0,9385516,21312,518,0,0,0,1036,42750,998,28,10
ftp_data,139632619,101223,47,0,0,0,7561654,102156,47,0,0,0,94,388,92,0,2
gnutella,77205,1538,18,0,0,0,0,0,0,0,0,0,18,79,18,0,0
http,40683460119,583886553,113569131,38626988677,443523511,0,3242870893943,2844347860,113565741,0,0,0,227133668,329861771,224697290,1947341,489037
http_audio,1161257,7993,110,0,0,0,28141401,21809,110,0,0,0,220,23404,86,95,39
http_video,394592,2855,76,0,0,0,6571484,6362,76,0,0,0,152,2070,145,4,3
nntp,0,0,30,6990,90,0,3320,60,30,0,0,0,60,3,60,0,0
rdp,39416418,414174,8,0,0,0,185665863,690591,8,0,0,0,16,75347,6,0,10
rfb,315,5,1,0,0,0,630,10,2,0,0,0,3,5,3,0,0
rtmp,4255,16,1,0,0,0,4468,21,1,0,0,0,2,0,2,0,0
rtsp,94310963,95948,49,0,0,0,273146654,272667,49,0,0,0,98,3708,73,23,2
sip,42146252,173123,1121,0,0,0,43025646,183159,1140,0,0,0,2257,1031287,1439,641,177
smtp,120755740,112169,665,0,0,0,9116504,102253,665,0,0,0,1330,76270,871,367,92
ssh,919360563,974805,521,0,0,0,141885690,1058428,521,0,0,0,1042,176704,328,236,478
stun,544715036,4778778,3372126,20492,362,0,1630475384,6338854,2703166,0,0,0,6075292,3890304,6051203,21030,3059
tls,1650736553075,4858712902,54785471,2218428,20666,0,22656752496574,19543487917,54050527,0,0,0,108807538,8284054258,69131007,26170156,13506375
unknown_tcp,5865085198,20595528,393712,39712701,257634,0,19950132473,31128993,393707,0,0,0,787215,80213883,602301,129266,55648
xmpp,6810025,71849,350,526,6,0,58135587,116657,350,0,0,0,698,924693,312,239,147
ftp_control,32211,576,1,0,0,0,50495,705,1,0,0,0,2,11762,0,0,2
imap4,25244734,272679,10177,0,0,0,172077467,350784,10177,0,0,0,20354,393969,18404,1565,385
pop3,2401526,42241,1643,0,0,0,50211459,74084,1643,0,0,0,3286,183523,2265,753,268
shoutcast,33008504,630397,269,0,0,0,1186192164,1111872,269,0,0,0,538,287692,157,195,186
dht,207866657,970100,817603,0,0,0,253724256,1061695,805904,0,0,0,1623507,939570,1619826,3578,103
google_talk_voicemail,5108196271,8857442,27699,0,0,0,12453728074,13637995,27065,0,0,0,54764,2912630,31652,21021,2091
rtp,111877924249,173470555,19115,0,0,0,136343336405,209409810,18857,0,0,0,37630,8173582,21581,10494,5555
unknown_udp,81174291708,188824592,5854532,0,0,0,345423831600,355547666,1023182,0,0,0,6877696,21610325,6794737,70193,12766
existing,166034107,601269,257072,50218446,54325,0,64215334,420371,173994,0,0,0,431062,501435,429128,1796,138
non_tcp_udp,3842740598,21133251,6230287,0,0,0,1304909373,13497514,1646036,0,0,0,7876321,9800097,7852078,22461,1782
msexchange,0,0,58,86136,455,0,28352,160,58,0,0,0,116,464,111,5,0
smb,2104,11,2,0,0,0,6438,22,2,0,0,0,4,55,4,0,0
telnet,58556,95,3,0,0,0,9891,75,3,0,0,0,6,4,6,0,0
mysql,103001,1120,130,0,0,0,120837,1372,130,0,0,0,260,426,256,4,0
skype,1299495,6660,165,0,0,0,11452219,15682,158,0,0,0,323,15273,305,10,8
ntp,63605285,733518,657994,0,0,0,62389440,718952,649108,0,0,0,1307102,476247,1303659,3141,302
denied_by_default_policy,0,0,0,102262214479,1095640733,0,0,0,0,126453391,1493397,0,0,0,0,0,0
netbios,2496,32,11,0,0,0,40,1,1,0,0,0,12,31,12,0,0
mssql_udp,280466,8249,944,0,0,0,1684,38,3,0,0,0,947,8864,947,0,0
mssql_tcp,1121050,2965,20,0,0,0,1453634,4215,20,0,0,0,40,31275,0,0,40
kerberos,19022,18,6,0,0,0,19266,18,6,0,0,0,12,3,12,0,0
rtp_sip,667835828,3361821,118,0,0,0,663830322,3342886,79,0,0,0,197,279289,82,64,51
syslog,4796,19,2,0,0,0,0,0,0,0,0,0,2,12,2,0,0
ldap,888200,3281,2972,0,0,0,2068,36,3,0,0,0,2975,306,2975,0,0
irc,16816,297,6,0,0,0,33610,334,6,0,0,0,12,34900,2,2,8
sybase_db,288,2,2,0,0,0,0,0,0,0,0,0,2,0,2,0,0
pcanywhere,2260,5,1,0,0,0,2378,6,2,0,0,0,3,22,3,0,0
webex,9323771,104384,35,0,0,0,291773854,685476,35,0,0,0,70,52728,8,28,34
socks,1420285,8208,1724,212530,4449,0,33230518,33699,1724,0,0,0,3448,38037,3207,153,88
sunrpc,88,1,1,0,0,0,0,0,0,0,0,0,1,0,1,0,0
snmp,673336,5829,3839,0,0,0,68,1,1,0,0,0,3840,1900,3810,30,0
isakmp,147254855,321653,109921,0,0,0,133673210,307272,108812,0,0,0,218623,6210999,192539,16184,9900
citrix_ima,2743580,14399,81,0,0,0,15757856,22117,81,0,0,0,162,38408,133,12,17
xboxlive,37632808,75498,558,0,0,0,5561085,45574,51,0,0,0,609,51911,503,45,61
svn,908,12,2,0,0,0,918,12,2,0,0,0,4,350,0,4,0
iax2,510357584,603897,74,0,0,0,139773839,255090,22,0,0,0,96,4762,85,5,6
slingbox,13238,94,3,0,0,0,36961,114,3,0,0,0,6,407,2,4,0
steam,200021186,928365,32524,0,0,0,285891870,1039303,25933,0,0,0,58457,502813,58259,76,122
steam_gaming,363448269,1828078,21,0,0,0,2297785497,2660688,19,0,0,0,40,58190,9,12,19
empty_tcp,2107298843,33601906,17640309,82893922,1577109,0,665170865,8739776,3747854,0,0,0,21388168,52924055,21259007,121440,7721
xunlei,18386133288,119782208,8222,0,0,0,196335961464,231057114,8888,0,0,0,17096,5119597,6372,5918,4806
wow,55995066,954824,2260,0,0,0,376706805,1505807,2260,0,0,0,4520,273461,4273,127,120
utp,40042346200,212152578,4751842,0,0,0,237346611835,302798079,3452348,0,0,0,8203832,966947525,6254134,828291,1121407
teredo,43907530,518597,69793,0,0,0,43703588,352598,23303,0,0,0,93068,10237465,86971,4978,1119
openvpn,6710675679,32488037,4946,0,0,0,45050802518,55675275,4427,0,0,0,9363,6197296,1978,2910,4475
pplive,502610530,2964050,1545607,0,0,0,5730742236,6357107,1531066,0,0,0,3076673,197482,3075409,1241,23
tor,7927152,21686,7,468,3,0,172320325,141362,7,0,0,0,14,3644,2,0,12
qq,540169849,3978755,657,62904,269,0,135458804,726981,637,0,0,0,1294,71532,1187,83,24
llmnr,47030994,822316,578812,0,0,0,0,0,0,0,0,0,578812,106210,578808,4,0
ppstream,93404550,467511,226,0,0,0,153589981,517405,225,0,0,0,451,20289,360,63,28
whatsapp,920897006,6130345,327002,2440,34,0,773691028,6805126,327002,0,0,0,653792,80183600,297572,253125,103095
viber,4503659,35755,2567,0,0,0,9729464,35833,2567,0,0,0,5130,218757,4028,761,341
gtp,19852825,160236,1621,0,0,0,87019865,129686,886,0,0,0,2507,58435,2436,60,11
ipsec_nat_t,9903643859,45362169,74869,0,0,0,46365395702,68178650,75861,0,0,0,150593,49523892,80919,28609,41065
spotify,162734831,1748392,55201,8626208,62437,0,475438837,2012968,55131,0,0,0,110240,26116360,75377,15258,19605
weixin,12355298,58879,2841,1416247,5765,0,222720506,200103,2840,0,0,0,5681,10580,5585,94,2
gamecenter,4692681,33457,6,0,0,0,4764617,33513,6,0,0,0,12,4107,4,2,6
youtube,5146745021,5433746,331,0,0,0,1349081830,3772070,332,0,0,0,663,83907,449,148,66
skype_av,198479720,598984,172,0,0,0,236276741,431312,154,0,0,0,326,39074,307,5,14
aim,16367,254,12,0,0,0,15991,254,12,0,0,0,24,3978,14,8,2
tango,2062124,28905,61,0,0,0,91747771,115011,61,0,0,0,122,3124,92,28,2
pcoip,18429264,148455,1,0,0,0,138493312,213487,1,0,0,0,2,9981,0,0,2
snapchat,7747847456,12795303,692,0,0,0,9220785273,14655169,690,0,0,0,1382,402292,638,443,301
dtls,23417967059,47212123,22332,0,0,0,75322487245,82131357,21016,0,0,0,43342,3035838,37034,4195,2113
facebook_rtp,47495052801,85661873,311553,0,0,0,57181476067,92814911,290248,0,0,0,601791,3417660,594361,5032,2398
spdy,332,6,1,0,0,0,288,4,1,0,0,0,2,0,2,0,0
taobao,70905952,190997,10317,453918,2042,0,70339776,229554,10315,0,0,0,20630,2786503,6823,9554,4253
quic,568071219686,1677763907,11805906,0,0,0,11119421859587,9079486217,11355907,0,0,0,23160296,570589027,20026264,2612409,521623
whatsapp_rtp,29732707801,43045463,36950,0,0,0,33658391131,46282507,28627,0,0,0,65561,3638466,57830,4812,2919
tls_http2,85446309192,334836718,6188368,0,0,0,1344492938462,1230753920,6188368,0,0,0,12374842,850267193,6759458,4431906,1183478
http2c,7959729,86656,2777,25383,306,0,16785515,105365,2777,0,0,0,5554,293360,1629,3855,70
speedtest,345099506,836163,984,0,0,0,1686500632,1582100,935,0,0,0,1919,12886,1908,11,0
line_av,14712285,81440,9,0,0,0,14958334,77914,9,0,0,0,18,4958,8,2,8
teamviewer,24581539,146496,421,0,0,0,46590874,194690,422,0,0,0,833,1043645,493,93,247
windows_update,371073354,882729,2411,0,0,0,1749293341,1523919,2411,0,0,0,4822,1423386,3538,305,979
minecraft,300911236,6033867,793,0,0,0,1164336852,8857297,784,0,0,0,1577,238000,1108,374,95
telegram,546659530,5236591,85923,6396541,76350,0,27559603686,22995949,85875,0,0,0,171778,5010220,152650,11517,7611
apple_probe,21713252,493483,237854,0,0,0,31385948,713317,371437,0,0,0,609291,495951,609210,81,0
kakaotalk,55311292,68492,915,0,0,0,113247007,131632,915,0,0,0,1830,252158,1324,351,155
hotspotshield,4259345,11784,75,0,0,0,19284213,25032,75,0,0,0,150,17140,70,47,33
mobile_legends,4683451,47713,34,0,0,0,7034563,52227,394,0,0,0,428,32604,375,21,32
supercell,22416917,239575,369,0,0,0,248633539,371313,369,0,0,0,736,261437,114,235,387
arena_of_valor,8875008,39714,1327,728,12,0,2504358,49668,1392,0,0,0,2719,355473,838,1546,335
slitherio,1897066,33926,196,0,0,0,7960439,38568,196,0,0,0,392,30992,350,21,21
imo,1888148,12826,463,0,0,0,4057836,16262,463,0,0,0,926,410642,445,143,338
imo_rtc,26314265,43685,85,0,0,0,36807685,46404,82,0,0,0,167,13775,107,44,16
discord_rtc,8176465816,12758972,7805,0,0,0,19657239220,28464789,7803,0,0,0,15608,899169,677,14928,3
hike_messenger_rtc,672,16,8,0,0,0,1287,13,8,0,0,0,16,8,16,0,0
talkatone,100770685,1149613,150,0,0,0,158008395,1213390,146,0,0,0,296,49942,126,112,58
clash_of_kings,8484697,144662,75,0,0,0,30295167,160690,75,0,0,0,150,85493,22,40,88
telegram_rtc,7545957,45968,206,0,0,0,53562432,57301,197,0,0,0,403,20950,283,108,12
viber_rtc,27037589,200208,173,0,0,0,106547248,249173,100,0,0,0,273,27672,190,64,19
lords_mobile,896,6,1,0,0,0,565,10,1,0,0,0,2,11,2,0,0
pubg,88092961,559851,20620,0,0,0,129097746,689488,20460,0,0,0,41080,1117465,38832,860,1388
bigo,1434063976,6234678,15172,0,0,0,26649525148,36889820,11351,0,0,0,26523,1995451,24011,1254,1258
weixin_rtc,898732946,1514134,81,0,0,0,1834550249,2569078,81,0,0,0,162,35602,110,24,28
rules_of_survival,539440,972,98,0,0,0,539440,972,98,0,0,0,196,246,196,0,0
garena_free_fire,769322,7625,84,0,0,0,5888535,79897,84,0,0,0,168,19955,98,29,41
apple_push,172980,605,44,0,0,0,705873,1393,461,0,0,0,505,1358,503,0,2
uber_rtp,112846236,233147,57,0,0,0,126742778,267637,58,0,0,0,115,8240,74,25,16
apple_facetime,980242876580,992333575,28919,0,0,0,968764249870,987510191,24387,0,0,0,53284,11950735,33829,12083,7372
fortnite,52461171,630826,47,0,0,0,93878182,457208,47,0,0,0,94,26643,6,26,62
kuaishou,4138,69,5,0,0,0,784127,918,5,0,0,0,10,23,10,0,0
google_duo,31686629497,39292615,1174,0,0,0,35727785404,45167596,1176,0,0,0,2346,1053101,787,745,814
signal_rtc,5128564,38078,131,0,0,0,3715237,28408,115,0,0,0,246,10956,188,47,11
zello,124524,389,152,0,0,0,36349,404,153,0,0,0,305,830,305,0,0
mqtt,2589611,39617,1375,25430,113,0,2150388,43056,1375,0,0,0,2734,3772062,979,410,1345
wireguard,4371616868,17644708,4680,0,0,0,44166552612,37878238,4540,0,0,0,9218,1445744,6058,2122,1038
frostbite_engine,148638349,1093916,48,0,0,0,232541948,1116876,49,0,0,0,97,69294,3,18,76
dagor_engine,48750348,531576,60,0,0,0,76629683,344610,11,0,0,0,71,15378,51,2,18
meituan_dianping,2027778,4266,29,0,0,0,3707718,5698,29,0,0,0,58,11474,8,31,19
zoom,17242597756,25876867,1954,0,0,0,34081084019,57788758,1947,0,0,0,3883,2916936,1890,1021,972
yourfreedom,163990,3759,695,0,0,0,113191,2265,695,0,0,0,1390,1270,1382,4,4
jabber_rtc,52652054,734445,41,0,0,0,17226682,242416,13,0,0,0,54,52479,9,2,43
teams,9207282414,13658403,41288,0,0,0,14763725803,25472244,39964,0,0,0,81222,1842566,79932,375,915
dingtalk,220093,1476,77,0,0,0,210005,1571,77,0,0,0,154,27425,43,57,54
anyconnect,2797192847,8657865,2884,0,0,0,11263426787,15875805,2845,0,0,0,5713,2556668,3170,2212,331
botim,37311,398,14,0,0,0,57863,504,14,0,0,0,28,1412,21,2,5
tinder,187793886,349415,53,0,0,0,64200687,243754,55,0,0,0,108,20594,75,13,20
clubhouse,281466075,1994864,3199,0,0,0,7466318320,17586808,3138,0,0,0,6333,468307,5633,433,267

name,sba,spa,sfa,sbd,spd,sfd,nba,npa,nfa,nbd,npd,nfd,tfc,tfd,sdf,mdf,ldf
cut_through,318236423,4461373,0,0,0,0,80863476,1021125,0,0,0,0,0,0,0,0,0
bittorrent,423587407,1083540,55448,12440,77,0,1237366608,1515775,55407,0,0,0,110853,490689,107894,2251,708
dns,26593344244,280827444,239205364,0,0,0,45670687437,250630664,232899849,0,0,0,472105178,47596692,471956748,143600,4830
emule,746955,6797,233,0,0,0,7176605,10236,232,0,0,0,465,2141,459,4,2
ftp_data,66086,218,33,0,0,0,54634,193,33,0,0,0,66,8,66,0,0
gnutella,160162,3066,36,0,0,0,0,0,0,0,0,0,36,143,36,0,0
http,43130659016,587064448,128489660,45820123277,504719858,0,3252938447921,2892104662,128486960,0,0,0,256974596,328960256,254523736,1971669,479191
http_audio,3227785,11082,44,0,0,0,57481586,45337,44,0,0,0,88,16238,58,23,7
http_video,309625,3024,36,0,0,0,11915912,10389,36,0,0,0,72,1850,61,8,3
nntp,855,16,35,8362,102,0,8805,84,35,0,0,0,70,5,70,0,0
rdp,37859227,398170,26,0,0,0,137543324,545342,26,0,0,0,52,79328,9,12,31
rfb,82868540,70497,34,0,0,0,2382697,38342,21,0,0,0,55,1155,31,24,0
rtmp,7084516999,6793333,180,0,0,0,498210004,6951057,180,0,0,0,360,48836,316,15,29
rtsp,203341335,162736,62,0,0,0,61757099,195489,62,0,0,0,124,4183,89,33,2
sip,18421028,45596,1407,0,0,0,9610248,43547,1421,0,0,0,2824,990586,1769,825,230
smtp,331824174,288254,844,0,0,0,18524492,257241,844,0,0,0,1688,153069,1071,325,292
ssh,1083938353,1050414,355,0,0,0,200183862,1162963,355,0,0,0,708,143580,169,241,298
stun,554117385,4682020,3413986,5074,73,0,2181895391,5856074,2769461,0,0,0,6183443,3059761,6162412,18188,2843
tls,1737460477484,4924499917,55375829,2178880,19928,0,22780124203632,19733225254,54585499,0,0,0,109918035,8384012961,69598079,26615280,13704676
unknown_tcp,10397937900,30705201,412732,40440246,273417,0,22313999011,46672798,412722,0,0,0,825240,76351865,628202,138638,58400
xmpp,2731189,25341,253,0,0,0,4994325,30125,253,0,0,0,504,1021077,179,158,167
ftp_control,23552,394,3,0,0,0,30111,400,3,0,0,0,6,389,2,4,0
imap4,44121277,462899,18221,0,0,0,158984525,538222,18221,0,0,0,36442,2024382,31273,1457,3712
pop3,2420588,45016,872,0,0,0,140009017,133285,872,0,0,0,1744,102795,1129,445,170
shoutcast,25076850,504705,709,0,0,0,993822977,943312,709,0,0,0,1418,179862,1063,219,136
dht,265379287,986184,774143,0,0,0,172172327,1019437,723767,0,0,0,1497912,1469217,1493923,3715,274
google_talk_voicemail,8781558162,14851166,26589,0,0,0,18709781161,20693759,26560,0,0,0,53139,4066298,33768,15872,3499
rtp,85152119105,136069372,14590,0,0,0,111421956649,163440407,13500,0,0,0,28076,6068540,15195,8206,4675
unknown_udp,92980549258,172467865,9735453,0,0,0,223359916832,258056800,1158943,0,0,0,10894385,29357238,10731508,142846,20031
existing,173384218,608513,361405,204179604,168074,0,127297649,475272,255385,0,0,0,616771,460449,614916,1704,151
non_tcp_udp,4019156237,21200684,6181169,0,0,0,1063222408,9260683,825194,0,0,0,7006353,8719108,6987652,16507,2194
citrix_ica,0,0,0,0,0,0,58,1,1,0,0,0,1,0,1,0,0
msexchange,30417,202,35,1294,5,0,32943,193,35,0,0,0,70,72,70,0,0
skype,3611567,12415,307,0,0,0,35251459,37980,306,0,0,0,613,31665,568,37,8
ntp,68023368,784794,705933,0,0,0,67031260,773335,696585,0,0,0,1402450,504360,1400684,1430,336
domino,20432,438,3,0,0,0,4416368,3223,3,0,0,0,6,18,6,0,0
denied_by_default_policy,0,0,0,104255434997,1121269125,0,0,0,0,59831425,318943,0,0,0,0,0,0
netbios,4824,63,24,0,0,0,35520,30,1,0,0,0,25,108,24,1,0
mssql_udp,278290,8185,922,0,0,0,3344,88,4,0,0,0,926,9140,910,16,0
kerberos,67471,85,25,0,0,0,71142,83,25,0,0,0,50,28,50,0,0
rtp_sip,609754855,3195919,212,0,0,0,610656238,3196886,125,0,0,0,337,255813,130,143,64
syslog,469938,1678,84,0,0,0,0,0,0,0,0,0,84,519,81,3,0
ldap,652838,2611,1677,0,0,0,288,7,1,0,0,0,1678,1821,1676,0,2
irc,930,16,1,0,0,0,3688,17,1,0,0,0,2,10,2,0,0
sybase_db,16736,199,99,0,0,0,0,0,0,0,0,0,99,7,99,0,0
dhcp,412,1,1,0,0,0,0,0,0,0,0,0,1,0,1,0,0
pcanywhere,86,1,1,0,0,0,190,5,5,0,0,0,6,0,6,0,0
webex,182902071,606430,91,0,0,0,505562999,1638844,91,0,0,0,174,188508,4,18,152
socks,95432,1029,2294,310936,6509,0,390591,5331,2287,0,0,0,4581,9037,4563,2,16
snmp,2250659,17050,15046,0,0,0,0,0,0,0,0,0,15046,4239,14954,92,0
isakmp,136927640,283518,81054,0,0,0,117794981,275118,80608,0,0,0,161550,4817468,138974,15232,7344
teamspeak,42138,141,9,0,0,0,7792,145,9,0,0,0,18,65,18,0,0
citrix_ima,537056,3288,2,0,0,0,4325450,5029,2,0,0,0,4,4367,0,0,4
xboxlive,168158894,1359005,122,0,0,0,139262366,1337269,109,0,0,0,231,276308,57,45,129
iax2,54413638,96547,53,0,0,0,85973478,127283,27,0,0,0,80,3772,73,3,4
steam,2374866004,8931059,36497,0,0,0,2859025565,12099046,36011,0,0,0,72504,775829,71033,942,529
steam_gaming,327806247,1285026,282,0,0,0,376155345,2310385,226,0,0,0,508,160311,145,184,179
empty_tcp,1955399838,30821256,14725711,163321765,2840664,0,644525913,8577510,4009901,0,0,0,18735612,51624660,18610783,116403,8426
ipp,0,0,1,719,6,0,431,3,1,0,0,0,2,0,2,0,0
xunlei,19290185418,108219028,8837,0,0,0,140759685541,178811900,9881,0,0,0,18710,4956419,7575,6343,4792
wow,361598290,1500117,3590,0,0,0,549022598,1572063,3589,0,0,0,7179,560877,6513,356,310
utp,309253899,681978,50971,0,0,0,207826801,418896,24920,0,0,0,75842,4652039,58993,9152,7697
teredo,22542597,263147,25337,0,0,0,29885353,235424,4124,0,0,0,29309,6941155,27149,1133,1027
openvpn,2463848446,14684632,2959,0,0,0,14641150219,21940927,2666,0,0,0,5613,3961737,1012,1774,2827
pplive,148184654,1687331,1551348,0,0,0,259670848,1600886,1532006,0,0,0,3082894,255719,3081638,1232,24
tor,8363866,21387,172,0,0,0,29320024,36918,172,0,0,0,344,55064,28,244,72
starcraft2,146378,2001,1,0,0,0,9554590,8244,1,0,0,0,2,284,0,2,0
qq,18268340,83500,2541,15975,61,0,153231244,173379,2355,0,0,0,4896,97838,4568,253,75
llmnr,37681201,657121,403511,0,0,0,0,0,0,0,0,0,403511,105562,403511,0,0
ppstream,18297794,91594,162,0,0,0,19260440,95463,161,0,0,0,323,3922,317,4,2
whatsapp,969232227,6517155,346938,1130,12,0,831761045,7238765,346938,0,0,0,693494,82031392,322833,263478,107183
viber,3089969,30052,2456,0,0,0,8750648,30730,2456,0,0,0,4910,294100,3985,548,377
gtp,29871008,46313,223,0,0,0,20129229,24576,142,0,0,0,365,4727,330,35,0
ipsec_nat_t,10154890047,43259417,61842,0,0,0,43529213716,63629527,62626,0,0,0,124280,52512957,51480,29575,43225
spotify,180760061,1987790,54715,8370707,59430,0,526926280,2273284,53860,0,0,0,108385,29704566,73049,14710,20626
weixin,29277852,127382,2963,352401,1447,0,740473170,641251,2963,0,0,0,5926,58268,5464,431,31
gamecenter,3613106,29316,4,0,0,0,3757530,30511,4,0,0,0,8,1215,0,8,0
youtube,624448692,1407211,311,0,0,0,898914516,1769912,315,0,0,0,626,76928,400,163,63
skype_av,773064536,1509019,2036,0,0,0,1107715397,2118064,1899,0,0,0,3935,100760,3816,41,78
aim,13249222,72712,35,0,0,0,33086337,158938,34,0,0,0,69,88692,12,31,26
tango,848158690,2962881,543,0,0,0,670055609,1977300,543,0,0,0,1086,144192,864,170,52
snapchat,10956308990,14432156,540,0,0,0,6830764757,11584466,545,0,0,0,1085,327177,515,332,238
dtls,15757693190,31625552,16928,0,0,0,54657478065,61856880,16374,0,0,0,33300,2322120,30013,1669,1618
facebook_rtp,69951995169,125917348,325729,0,0,0,116734529697,161352440,302824,0,0,0,628543,4316209,620112,5432,2999
taobao,123172248,289572,12944,293960,1336,0,135858305,376729,12941,0,0,0,25879,3389465,8390,12927,4562
quic,601968202908,1678804262,12025103,0,0,0,11011407909821,8998493724,11614176,0,0,0,23633058,568940397,20462511,2652675,517872
whatsapp_rtp,25981748386,37939283,41719,0,0,0,29209711149,40605635,32320,0,0,0,74023,3183753,65275,5941,2807
tls_http2,115653080067,407554950,6651682,0,0,0,1661858534109,1498491519,6651682,0,0,0,13299668,892134264,7350408,4625471,1323789
http2c,3209942,31793,2531,57744,764,0,2535070,35599,2531,0,0,0,5062,250070,1814,3198,50
speedtest,89892111,241044,434,0,0,0,450047946,437661,404,0,0,0,838,6394,792,46,0
line_av,854085,4377,12,0,0,0,1010261,4986,12,0,0,0,24,1000,8,16,0
teamviewer,39260897,301151,405,0,0,0,88132703,424571,398,0,0,0,793,1543561,447,128,218
sharebox,18500,500,500,0,0,0,11742,309,309,0,0,0,809,0,809,0,0
windows_update,32516787,34420,173,0,0,0,21079337,33123,173,0,0,0,316,70357,255,15,46
minecraft,124952768,1351389,668,0,0,0,496175114,1681315,664,0,0,0,1332,111838,1164,129,39
telegram,1548247234,9130564,91652,10054924,119010,0,53176883326,43772639,91652,0,0,0,183258,5489791,162769,12676,7813
bittorrent_sync,227148,1914,63,0,0,0,205688,1812,14,0,0,0,77,7071,71,2,4
apple_probe,22030228,500687,241145,0,0,0,31928644,725651,375247,0,0,0,616392,510180,616249,143,0
kakaotalk,231534295,206616,1045,0,0,0,166566552,297333,1045,0,0,0,2086,228508,1563,345,178
hotspotshield,374519206,1601787,1991,0,0,0,2748262358,3027447,1986,0,0,0,3961,1904933,3463,253,245
mobile_legends,30890071,322833,120,0,0,0,34314339,344813,2835,0,0,0,2955,191391,2784,41,130
supercell,11832818,102790,251,0,0,0,92197978,155193,251,0,0,0,500,150832,74,176,250
arena_of_valor,4548721,22258,596,570,6,0,1657532,32824,649,0,0,0,1245,226172,570,427,248
slitherio,116618,1979,30,0,0,0,179059,2235,30,0,0,0,60,37949,26,13,21
imo,3631821,24606,574,0,0,0,5998092,30756,574,0,0,0,1144,491306,446,256,442
imo_rtc,133603507,213089,640,0,0,0,169958204,219280,470,0,0,0,1110,33392,957,128,25
bitcoin,506945,4805,74,0,0,0,14044362,13932,74,0,0,0,148,3176,115,33,0
discord_rtc,24116683517,53436736,17412,0,0,0,11677950571,21387632,17405,0,0,0,34805,2011700,1472,33325,8
hike_messenger_rtc,1428,34,18,0,0,0,2673,27,17,0,0,0,35,16,35,0,0
threema,5186,31,2,0,0,0,2330,30,2,0,0,0,4,200,2,2,0
talkatone,61940521,663906,98,0,0,0,87353099,707210,97,0,0,0,195,29012,124,53,18
clash_of_kings,5537553,88532,51,0,0,0,21246735,98989,51,0,0,0,102,68739,27,23,52
telegram_rtc,11975005,48069,338,0,0,0,28214115,63617,333,0,0,0,671,52623,458,181,32
viber_rtc,71242124,135438,52,0,0,0,111978275,169601,32,0,0,0,84,12777,54,14,16
lords_mobile,5500,37,6,0,0,0,2461,40,6,0,0,0,12,21,12,0,0
pubg,81517360,435765,13888,0,0,0,108420041,550995,13644,0,0,0,27531,709691,26177,396,958
bigo,8106244609,13820343,25069,0,0,0,40955194084,45657662,19160,0,0,0,44143,2531643,39878,2455,1810
weixin_rtc,7120812781,11202370,76,0,0,0,3910323773,7535964,77,0,0,0,153,163201,81,12,60
garena_free_fire,3025024,40777,241,0,0,0,8884377,122136,241,0,0,0,482,54545,346,51,85
apple_push,18610,69,19,0,0,0,79950,453,390,0,0,0,409,49,409,0,0
uber_rtp,9797211,68424,25,0,0,0,9636405,69419,38,0,0,0,63,2884,44,17,2
apple_facetime,1027551781772,1057595023,31825,0,0,0,1076824856743,1090566966,26340,0,0,0,58121,14108528,36707,13391,8023
fortnite,120493414,1498653,65,0,0,0,447577488,1462327,65,0,0,0,128,54867,30,24,74
google_duo,30497397097,36645208,1286,0,0,0,32581862940,38702161,1299,0,0,0,2585,853977,848,860,877
signal_rtc,21657807,155035,212,0,0,0,24150431,171951,199,0,0,0,411,70599,299,41,71
mqtt,3209893,51846,1311,21514,100,0,6924153,65334,1311,0,0,0,2612,2721589,1060,483,1069
wireguard,17607277082,58636504,5367,0,0,0,106713289810,86637544,4561,0,0,0,9912,1845345,5967,3097,848
frostbite_engine,139594936,1051889,21,0,0,0,144721090,1088350,21,0,0,0,42,56215,4,4,34
dagor_engine,6016358,91429,71,0,0,0,10688076,80283,9,0,0,0,80,7881,72,4,4
meituan_dianping,838232,4163,22,0,0,0,8713399,8568,22,0,0,0,44,4007,2,40,2
zoom,15294893759,21460489,1631,0,0,0,32086109446,49363022,1629,0,0,0,3232,2284155,1382,845,1005
yourfreedom,29777,661,165,0,0,0,31610,660,165,0,0,0,330,392,328,2,0
jabber_rtc,7383317,35374,9,0,0,0,7334027,34901,6,0,0,0,15,2758,7,4,4
teams,13600757331,19465292,33749,0,0,0,15515722492,27037669,32659,0,0,0,66384,1296259,65202,405,777
dingtalk,2599397,20577,318,0,0,0,2775083,21144,318,0,0,0,634,161965,253,199,182
anyconnect,2912384861,8295370,9942,0,0,0,16955570797,16590342,9786,0,0,0,19700,2557273,18049,1090,561
botim,2575,20,1,0,0,0,3423,19,1,0,0,0,2,8,2,0,0
tinder,457298193,722932,116,0,0,0,517346200,737616,116,0,0,0,232,26073,146,52,34
clubhouse,844568010,2630763,3112,0,0,0,7415067323,17332804,3040,0,0,0,6152,406064,5307,558,287

